;;;;;;;;;(*)Valor de aquisição em CRUZADOS (CZ$) 
;;;;;;;;;
Ano Fabbricação;Placa;Idade;Combustível;nº Chassis;Destinação;Tipo;Unidade de lotação;Setor lotação;Valor Aquisição
2007;GMF5169;14;Flex;9BD15822774948345;TRANSPORTE DE  PASSAGEIROS;PAS/AUTOMOVEL;ARQ-ESC. ARQUITETURA;ARQ-GABINETE;23900
2012;GMF7099;9;Flex;9BWPB45Z0D4076670;TRANSPORTE DE  PASSAGEIROS;PAS/AUTOMOVEL;EBA ESC. BELAS ARTES;EBA DIRETORIA;44049
2006;GMF5092;15;Flex;9BWGF07X07P007585;TRANSP PASS , CARGA E MANUTENÇÃO;MIS/CAMION./C.FECHADA;EBA ESC. BELAS ARTES;EBA - LOGISTICA E SERV.OPERAC.;37975
2005;GMF4764;16;Diesel;9BWR682WX5R530359;TRANSPORTE DE  PASSAGEIROS;PAS/ONIBUS;ESC. CIENC. INFORMACAO;ESC. CIENC. INFORMACAO-SGER;283000
2008;GMF5427;13;Flex;9BD17140A85178053;TRANSPORTE DE  PASSAGEIROS;PAS/AUTOMOVEL;ESC. CIENC. INFORMACAO;ESC. CIENC. INFORMACAO-SGER;29175
2012;GMF7100;9;Flex;9BWPB45Z4D4077188;TRANSPORTE DE  PASSAGEIROS;PAS/AUTOMOVEL;EEFFTO ESC. EDUC. FIS. FISIO.TERAP. OCUP;EEFFTO-GABINETE DO DIRETOR;44049
2006;GMF5091;15;Flex;9BWGF07X57P007064;TRANSP PASS , CARGA E MANUTENÇÃO;MIS/CAMION./C.FECHADA;EEFFTO ESC. EDUC. FIS. FISIO.TERAP. OCUP;EEFFTO-SERVICOS GERAIS;37975
2001;GMF3554;20;Diesel;9BG138DC01C439840;TRANSPORTE DE  PASSAGEIROS E CARGA;MIS/CAMINHONETE/CABINE DUPLA;ENF-ESC. ENFERMAGEM;ENF-SERVICOS GERAIS;62063
2009;GMF5758;12;Gasolina;9BFZF55P798375106;TRANSPORTE DE  PASSAGEIROS;PAS/AUTOMOVEL;ENF-ESC. ENFERMAGEM;ENF-SERVICOS GERAIS;31621
2012;GMF6929;9;Flex;9BWPB45Z9C4126528;TRANSPORTE DE  PASSAGEIROS;PAS/AUTOMOVEL;ENF-ESC. ENFERMAGEM;ENF-SERVICOS GERAIS;46252
2013;GMF7240;8;Flex;9BWPB45Z3D4165200;TRANSPORTE DE  PASSAGEIROS;PAS/AUTOMOVEL;ENF-ESC. ENFERMAGEM;ENF-SERVICOS GERAIS;46988
2013;GMF7751;8;Flex;8AWPB45Z5EA508742;TRANSPORTE DE  PASSAGEIROS;PAS/AUTOMOVEL;ENF-ESC. ENFERMAGEM;ENF-SERVICOS GERAIS;57000
2013;GMF7776;8;Flex;8AWPB45Z5EA508689;TRANSPORTE DE  PASSAGEIROS;PAS/AUTOMOVEL;ENF-ESC. ENFERMAGEM;ENF-SERVICOS GERAIS;57000
2006;JKH9313;15;Diesel;93XJNK3407C646215;TRANSPORTE PASSAGEIROS E CARGA;MIS/CAMINHONETE/CABINE DUPLA;ENF-ESC. ENFERMAGEM;ENF-SERVICOS GERAIS;68580
2011;GMF6848;10;Flex;9BWPB05ZXC4027175;TRANSPORTE DE  PASSAGEIROS;PAS/AUTOMOVEL;ENG - ESC. ENGENHARIA;ENG-SERVICOS GERAIS;46252
2014;GMF7911;7;Diesel;WV1DD42H2EA055248;TRANSPORTE DE  PASSAGEIROS E CARGA;ESP/CAMIONETE/AB.CAB.DUPLA;ENG - ESC. ENGENHARIA;ENG-SERVICOS GERAIS;102000
2011;NXY0160;10;Diesel;WF0DXXTBFBTT25315;TRANSPORTE DE  PASSAGEIROS;PAS/MICROONIBUS;ENG - ESC. ENGENHARIA;ENG-SERVICOS GERAIS;95000
1983;GXP5136;38;Alcool;LA3BBD73354;VEICULO TESTE ESCOLA DE ENGENHARIA;CAR/CAMION./C.ABERTA;ENG - ESC. ENGENHARIA;ENG DEPTO ENGENHARIA MECANICA;*2.298.960
2009;GMF5756;12;Gasolina;9BFZF55P398375104;TRANSPORTE DE  PASSAGEIROS;PAS/AUTOMOVEL;ESC. MUSICA;ESC. MUSICA-SERVICOS GERAIS;31621
2012;GMF7189;9;Diesel;93ZK53C01D8445476;TRANSPORTE DE  PASSAGEIROS;PAS/MICROONIBUS;ESC. MUSICA;ESC. MUSICA-SERVICOS GERAIS;144500
1997;GMF1756;24;Diesel;8AC690341VA503492;TRANSPORTE DE  PASSAGEIROS;PAS/MICROONIBUS;VET.ESC. VETERINARIA;VET-SERVICOS GERAIS;36451
2001;GMF3259;20;Diesel;9BG124AC01C404825;TRANSPORTE DE PASSAGEIROS E CARGA;CAR/CAMION./C.ABERTA;VET.ESC. VETERINARIA;VET-SERVICOS GERAIS;35795
1983;GMF4322;38;Outros;UFMG3611183REM;TRANSPORTE DE CARGA;CAR/REBOQUE/C.ABERTA;VET.ESC. VETERINARIA;VET-SERVICOS GERAIS;0,01
2006;GMF5171;15;Diesel;93ZC3890168324099;TRANSPORTE DE CARGA;CAR/CAMION./FURGAO;VET.ESC. VETERINARIA;VET-SERVICOS GERAIS;96000
2008;GMF5418;13;Flex;9BWGF07X98P019316;TRANSP PASS , CARGA E MANUTENÇÃO;MIS/CAMION./C.FECHADA;VET.ESC. VETERINARIA;VET-SERVICOS GERAIS;41400
2008;GMF5704;13;Flex;9BWMF07X89P017013;TRANSP PASS , CARGA E MANUTENÇÃO;MIS/CAMION./C.FECHADA;VET.ESC. VETERINARIA;VET-SERVICOS GERAIS;41400
2009;GMF5985;12;Diesel;9BYC51A1A9C000696;TRANSPORTE DE  PASSAGEIROS;PAS/ONIBUS;VET.ESC. VETERINARIA;VET-SERVICOS GERAIS;234599,99
2011;GMF6642;10;Diesel;93W245L34B2070926;TRANSPORTE DE  PASSAGEIROS;PAS/MICROONIBUS;VET.ESC. VETERINARIA;VET-SERVICOS GERAIS;103000
2011;GMF6843;10;Flex;9BWMF07X2CP017984;TRANSP PASS , CARGA E MANUTENÇÃO;MIS/CAMION./C.FECHADA;VET.ESC. VETERINARIA;VET-SERVICOS GERAIS;49000
2011;GMF6846;10;Flex;9BWMF07X8CP018010;TRANSP PASS , CARGA E MANUTENÇÃO;MIS/CAMION./C.FECHADA;VET.ESC. VETERINARIA;VET-SERVICOS GERAIS;49000
2012;GMF7101;9;Flex;9BWPB45Z9D4077512;TRANSPORTE DE  PASSAGEIROS;PAS/AUTOMOVEL;VET.ESC. VETERINARIA;VET-SERVICOS GERAIS;44049
2012;GMF7181;9;Diesel;WV1DB42H9DA006505;TRANSPORTE DE  PASSAGEIROS E CARGA;ESP/CAMIONETE/AB.CAB.DUPLA;VET.ESC. VETERINARIA;VET-SERVICOS GERAIS;103486
2013;GMF7685;8;Diesel;8AC906657EE090205;TRANSPORTE DE  PASSAGEIROS;PAS/MICROONIBUS;VET.ESC. VETERINARIA;VET-SERVICOS GERAIS;165000
2014;GMF7791;7;Diesel;9BYC79A2AEC000340;TRANSPORTE DE CARGA;CAR/CAMINHAO/C.ABERTA;VET.ESC. VETERINARIA;VET-SERVICOS GERAIS;170000
2015;GMF8048;6;Diesel;8AC906633GE112812;TRANSPORTE DE  PASSAGEIROS;PAS/MICROONIBUS;VET.ESC. VETERINARIA;VET-SERVICOS GERAIS;152800
2016;GMF8192;5;Diesel;9BM979277HB045550;TRANSPORTE DE  PASSAGEIROS;PAS/ONIBUS;VET.ESC. VETERINARIA;VET-SERVICOS GERAIS;214000
;GMF8534;2;Gasolina;3C6EFVEK7KE521150;TRANSPORTE DE  PASSAGEIROS;PAS/MICROONIBUS;VET.ESC. VETERINARIA;VET-SERVICOS GERAIS;152390
2009;HKC7044;12;Outros;9A9CP30129CCE3001;TRANSPORTE DE CARGA;CAR/REBOQUE/C.ABERTA;VET.ESC. VETERINARIA;VET-SERVICOS GERAIS;4600
2012;OPF1841;9;Diesel;93ZA90D00D8560154;TRANSPORTE DE CARGA;CAR/CAMINHAO/C.ABERTA;VET.ESC. VETERINARIA;VET-SERVICOS GERAIS;145280
2012;OPF6541;9;Gasolina;9BG148DH0DC442931;TRANSPORTE DE PASSAGEIROS E CARGA;CAR/CAMION./C.ABERTA;VET.ESC. VETERINARIA;VET-SERVICOS GERAIS;0
2018;QOW0028;3;;93PB88S31JC059510;TRANSPORTE DE  PASSAGEIROS;PAS/ONIBUS;VET.ESC. VETERINARIA;VET-SERVICOS GERAIS;0
1988;GMF2414;33;Diesel;9BM345002JB818756;TRANSPORTE DE CARGA;CAR/CAMINHAO/BASCULANTE;VET.ESC. VETERINARIA;VET-FAZ. IGARAPE;*12.023.966
1999;GSX3225;22;Gasolina;9C2JD1700XR020454;VIGILANCIA UNIVERSITÁRIA;PAS/MOTOCICLETA;VET.ESC. VETERINARIA;VET-FAZ. IGARAPE;4729
1999;GSX3556;22;Gasolina;9C2JD1700XR019073;VIGILANCIA UNIVERSITÁRIA;PAS/MOTOCICLETA;VET.ESC. VETERINARIA;VET-FAZ. IGARAPE;4729
2008;HJJ6963;13;Flex;9BGXL75G08C188437;TRANSPORTE DE  PASSAGEIROS;PAS/AUTOMOVEL;VET.ESC. VETERINARIA;VET - CLINICA E CIRURG. VET;47900
2008;GMF5425;13;Gasolina;9BD17140A85177889;TRANSPORTE DE  PASSAGEIROS;PAS/AUTOMOVEL;FACE- FAC. CIENC. ECONOM;FACE- DIRETORIA;29175
2012;OLR4740;9;;9BWDB45UXDT092792;TRANSPORTE DE  PASSAGEIROS;PAS/AUTOMOVEL;FAC. DIREITO;FAC. DIREITO-SGER;43215
2009;GMF5754;12;Gasolina;9BFZF55P898375101;TRANSPORTE DE  PASSAGEIROS;PAS/AUTOMOVEL;FAE FAC. EDUCACAO;FAE GABINETE;31621
2014;GMF7901;7;Diesel;93PB40N31EC052255;TRANSPORTE DE  PASSAGEIROS;PAS/ONIBUS;FAE FAC. EDUCACAO;FAE SERVICOS GERAIS;231000
2019;GMF8601;2;Diesel;93XLJKL1TLCK25990;TRANSPORTE DE PASSAGEIROS E CARGA;PICK-UP;FAE FAC. EDUCACAO;FAE SERVICOS GERAIS;133250
2008;GMF5423;13;Flex;9BD17140A85178052;TRANSPORTE DE  PASSAGEIROS;PAS/AUTOMOVEL;FAR. FARMACIA;FAR--SERVICOS GERAIS;29175
2010;GMF6545;11;Gasolina;9BWMF07X3BP017989;TRANSP PASS , CARGA E MANUTENÇÃO;MIS/CAMION./C.FECHADA;FAFICH FAC. FILOS. CIENCIAS HUMANAS;FAFICH-GABINETE;44260
2014;GMF7897;7;Diesel;WV1DD42H2EA050857;TRANSPORTE DE  PASSAGEIROS E CARGA;ESP/CAMIONETE/AB.CAB.DUPLA;FAFICH FAC. FILOS. CIENCIAS HUMANAS;FAFICH-GABINETE;102000
2014;GMF7898;7;Flex;9BWPB45Z6E4164222;TRANSPORTE DE  PASSAGEIROS;PAS/AUTOMOVEL;FAFICH FAC. FILOS. CIENCIAS HUMANAS;FAFICH-SERVICOS GERAIS ;43600
2012;GMF6928;9;Diesel;93PB40N31CC041091;TRANSPORTE DE  PASSAGEIROS;PAS/ONIBUS;FAFICH FAC. FILOS. CIENCIAS HUMANAS;FAFICH CIENCIAS SOCIAIS AMBIENTAIS;190000
2003;GMF4338;18;Gasolina;9BD17309944093531;TRANSPORTE DE  PASSAGEIROS;PAS/AUTOMOVEL;FAC. LETRAS;FAC. LETRAS-SERVICOS GERAIS;34681
2007;GMF5165;14;Flex;9BD15822774948253;TRANSPORTE DE  PASSAGEIROS;PAS/AUTOMOVEL;FAC. LETRAS;FAC. LETRAS-SERVICOS GERAIS;23900
2009;GMF5755;12;Gasolina;9BFZF55P198375103;TRANSPORTE DE  PASSAGEIROS;PAS/AUTOMOVEL;FAC. MEDICINA;FAC. MEDICINA-TRANSPORTES;31621
2012;GMF7229;9;Flex;9BWMF07X0DP015359;TRANSP PASS , CARGA E MANUTENÇÃO;MIS/CAMION./C.FECHADA;FAC. MEDICINA;FAC. MEDICINA-TRANSPORTES;46200
2013;GMF7576;8;Flex;9BWPB45Z2E4042067;TRANSPORTE DE  PASSAGEIROS;PAS/AUTOMOVEL;FAC. MEDICINA;FAC. MEDICINA-TRANSPORTES;46988
2014;GMF7899;7;Flex;9BWPB45Z6E4163216;TRANSPORTE DE  PASSAGEIROS;PAS/AUTOMOVEL;FAC. MEDICINA;FAC. MEDICINA-TRANSPORTES;43600
2018;GMF8354;3;Gasolina;93Y4SRFH4JJ287689;TRANSPORTE DE  PASSAGEIROS;PAS/AUTOMOVEL;FAC. MEDICINA;FAC. MEDICINA-TRANSPORTES;54240
2018;GMF8355;3;Gasolina;93Y4SRFH4JJ287849;TRANSPORTE DE  PASSAGEIROS;PAS/AUTOMOVEL;FAC. MEDICINA;FAC. MEDICINA-TRANSPORTES;54240
2018;GMF8484;3;Flex;8AP359A2SKU047654;TRANSPORTE DE  PASSAGEIROS;PRECISION 1.8 FLEX;FAC. MEDICINA;FAC. MEDICINA-TRANSPORTES;61891
2018;GMF8485;3;Flex;8AP359A2SKU048951;TRANSPORTE DE  PASSAGEIROS;PRECISION 1.8 FLEX;FAC. MEDICINA;FAC. MEDICINA-TRANSPORTES;61891
2018;GMF8532;3;Gasolina;8AP359A2SKU048960;TRANSPORTE DE  PASSAGEIROS;PRECISION 1.8 FLEX;FAC. MEDICINA;FAC. MEDICINA-TRANSPORTES;61891
2018;GMF8533;3;Flex;8AP359A2SKU039067;TRANSPORTE DE  PASSAGEIROS;PRECISION 1.8 FLEX;FAC. MEDICINA;FAC. MEDICINA-TRANSPORTES;61891
2008;HJU0691;13;Gasolina;8AG116DJ09R702379;TRANSPORTE DE  PASSAGEIROS;MIS/UTILITARIO/JIPE;FAC. MEDICINA;FAC. MEDICINA-TRANSPORTES;70000
2006;JKH9243;15;Diesel;93XJNK3407C646213;TRANSPORTE PASSAGEIROS E CARGA;MIS/CAMINHONETE/CABINE DUPLA;FAC. MEDICINA;FAC. MEDICINA-TRANSPORTES;68580
2006;JKH9333;15;Diesel;93XJNK3407C646211;TRANSPORTE PASSAGEIROS E CARGA;MIS/CAMINHONETE/CABINE DUPLA;FAC. MEDICINA;FAC. MEDICINA-TRANSPORTES;68580
2006;GMF5189;15;Diesel;94DCEUD226J725331;TRANSPORTE DE  PASSAGEIROS E CARGA;MIS/CAMION./CAB. DUPLA;FAC. MEDICINA;FAC. MEDICINA-NESCON;80878
2009;GMF5815;12;Gasolina;9BD17201M93488219;TRANSPORTE DE  PASSAGEIROS;PAS/AUTOMOVEL;FAC. MEDICINA;FAC. MEDICINA-NESCON;35245
2010;GMF6526;11;Gasolina;9BD17307MB4341858;TRANSPORTE DE  PASSAGEIROS;PAS/AUTOMOVEL;FAC. MEDICINA;FAC. MEDICINA-NESCON;42780
2019;GMF8536;2;Gasolina;9BGKS69V0KG347561;TRANSPORTE DE  PASSAGEIROS;PAS/AUTOMOVEL;FAC. MEDICINA;FAC. MEDICINA-NESCON;0
2009;HKC6962;12;Flex;9BD11055691505213;TRANSPORTE DE  PASSAGEIROS;PAS/AUTOMOVEL;FAC. MEDICINA;FAC. MEDICINA-NESCON;66500
2000;GMF3118;21;Diesel;9BM384073YB215785;TRANSPORTE DE  PASSAGEIROS;PAS/ONIBUS;FAC. MEDICINA;FAC. MEDICINA-PROJ. MANOELZAO;98850
1997;GSM6051;24;Diesel;8AC690341VA510348;TRANSPORTE DE  PASSAGEIROS;PAS/MICROONIBUS;FAC. MEDICINA;FAC. MEDICINA-PROJ. MANOELZAO;36458
2007;HFS8588;14;Diesel;93XHNK7407C730041;TRANSPORTE DE PASSAGEIROS E CARGA;MIS/CAMION./CAB. DUPLA;FAC. MEDICINA;FAC. MEDICINA-PROJ. MANOELZAO;47000
2010;GMF6525;11;Gasolina;9BD119209B1076255;TRANSPORTE DE  PASSAGEIROS;PAS/AUTOMOVEL;FAC. MEDICINA;FAC. MEDICINA-INTERNATO RURAL;61736
2012;GMF7232;9;Gasolina;8AWPB45Z0DA516293;TRANSPORTE DE  PASSAGEIROS;PAS/AUTOMOVEL;FAC. MEDICINA;FAC. MEDICINA-INTERNATO RURAL;55879
2007;HGO3601;14;Flex;9BWDB05W08T039079;TRANSPORTE DE  PASSAGEIROS;PAS/AUTOMOVEL;FAC. MEDICINA;FAC. MEDICINA-INTERNATO RURAL;44000
2009;HLP3585;12;Flex;9BD17309TA4288570;TRANSPORTE DE  PASSAGEIROS;PAS/AUTOMOVEL;FAC. MEDICINA;FAC. MEDICINA-INTERNATO RURAL;59000
2012;GMF7102;9;;9BWPB45Z8D4076528;TRANSPORTE DE  PASSAGEIROS;PAS/AUTOMOVEL;ODONTO FAC. ODONTOLOGIA;ODONTO -SERVICOS GERAIS;44049
2013;GMF7237;8;Flex;9BWPB45Z7D4167872;TRANSPORTE DE  PASSAGEIROS;PAS/AUTOMOVEL;ODONTO FAC. ODONTOLOGIA;ODONTO -SERVICOS GERAIS;46988
2006;JKH9283;15;Diesel;93XJNK3407C646226;TRANSPORTE DE PASSAGEIROS E CARGA;MIS/CAMINHONETE/CABINE DUPLA;ODONTO FAC. ODONTOLOGIA;ODONTO -SERVICOS GERAIS;68580
2013;GMF7750;8;Diesel;WV1DD42H9EA028791;TRANSPORTE DE  PASSAGEIROS E CARGA;ESP/CAMIONETE/AB.CAB.DUPLA;ICB-INST. CIENC. BIOLOGIAS;ICB-GABINETE;102000
1986;GMF3523;35;Outros;MBLS0002271REM;TRANSPORTE DE CARGA;CAR/REBOQUE/C.ABERTA;ICB-INST. CIENC. BIOLOGIAS;ICB-SERVICOS GERAIS;400
2005;GMF4562;16;Gasolina;9BWGB07X35P007203;TRANSP PASS , CARGA E MANUTENÇÃO;PAS/AUTOMOVEL;ICB-INST. CIENC. BIOLOGIAS;ICB-SERVICOS GERAIS;34000
2007;GMF5163;14;Flex;9BD15822774948324;TRANSPORTE DE  PASSAGEIROS;PAS/AUTOMOVEL;ICB-INST. CIENC. BIOLOGIAS;ICB-SERVICOS GERAIS;23900
2010;GMF6538;11;Diesel;8AC904663BE039500;TRANSPORTE DE  PASSAGEIROS;PAS/MICROONIBUS;ICB-INST. CIENC. BIOLOGIAS;ICB-SERVICOS GERAIS;143000
2012;GMF6939;9;Flex;9BWPB45Z2C4143185;TRANSPORTE DE  PASSAGEIROS;PAS/AUTOMOVEL;ICB-INST. CIENC. BIOLOGIAS;ICB-SERVICOS GERAIS;46252
2012;GMF6946;9;Diesel;93PB40N31CC041321;TRANSPORTE DE  PASSAGEIROS;PAS/ONIBUS;ICB-INST. CIENC. BIOLOGIAS;ICB-SERVICOS GERAIS;200000
2016;GMF8068;5;Diesel;9BG148FK0GC423960;TRANSPORTE DE PASSAGEIROS E CARGA;MIS/CAMION./CAB. DUPLA;ICB-INST. CIENC. BIOLOGIAS;ICB-SERVICOS GERAIS;122900
2011;GSZ4470;10;Diesel;WV1DB42HXB8061419;TRANSPORTE DE  PASSAGEIROS E CARGA;ESP/CAMIONETE/AB.CAB.DUPLA;ICB-INST. CIENC. BIOLOGIAS;ICB-SERVICOS GERAIS;94751
2006;HEJ4883;15;Outros;9A9BC26866MDH8100;TRANSPORTE DE CARGA;CAR/REBOQUE/C.ABERTA;ICB-INST. CIENC. BIOLOGIAS;ICB-SERVICOS GERAIS;5100
2002;HAE4379;19;Diesel;9BG138AC03C401046;TRANSPORTE DE PASSAGEIROS E CARGA;MIS/CAMION./CAB. DUPLA;ICB-INST. CIENC. BIOLOGIAS;ICB-BOTANICA;48601
1992;GMU7184;29;Outros;9EZMG10PCN0002279;TRANSPORTE DE CARGA;CAR/REBOQUE/C.ABERTA;ICB-INST. CIENC. BIOLOGIAS;ICB-DEPARTAMENTO DE BIOLOGIA GERAL;1824
1996;GVS3129;25;Outros;9EZMG10PCT0005505;TRANSPORTE DE CARGA;CAR/REBOQUE/C.ABERTA;ICB-INST. CIENC. BIOLOGIAS;ICB-DEPARTAMENTO DE BIOLOGIA GERAL;1824
2006;HEI4116;15;Outros;9A9BC05116TDH8117;TRANSPORTE DE CARGA;CAR/REBOQUE/C.ABERTA;ICB-INST. CIENC. BIOLOGIAS;ICB-DEPARTAMENTO DE BIOLOGIA GERAL;2750
2000;GMF3242;21;Gasolina;9BFNSZPPA1B913049;TRANSPORTE PASSAGEIROS E CARGA;CAR/CAMION./C.ABERTA;INST. CIENC. EXATAS;INST. CIENC. EXATAS-SERVICOS GERAIS;16474
2008;GMF5702;13;Flex;9BWMF07X89P016959;TRANSP PASS , CARGA E MANUTENÇÃO;MIS/CAMION./C.FECHADA;INST. CIENC. EXATAS;INST. CIENC. EXATAS-SERVICOS GERAIS;41400
2012;GMF6932;9;Flex;9BWPB45Z9C4147413;TRANSPORTE DE  PASSAGEIROS;PAS/AUTOMOVEL;INST. CIENC. EXATAS;INST. CIENC. EXATAS-SERVICOS GERAIS;46252
2007;GMF5175;14;Flex;9BWDB05W57T099177;TRANSPORTE DE  PASSAGEIROS;PAS/AUTOMOVEL;INST. CIENC. EXATAS;INST. CIENC. EXATAS-OBSERV. ASTRON;37552
2007;GMF5166;14;Flex;9BD15822774948501;TRANSPORTE DE  PASSAGEIROS;PAS/AUTOMOVEL;IGC INST.GEOCIENCIAS;IGC SERVICOS GERAIS;23900
2009;GMF5986;12;Diesel;9BYC51A1A9C000695;TRANSPORTE DE  PASSAGEIROS;PAS/ONIBUS;IGC INST.GEOCIENCIAS;IGC SERVICOS GERAIS;234599,99
2011;GMF6849;10;Flex;8AWPB45Z2CA519386;TRANSPORTE DE  PASSAGEIROS;PAS/AUTOMOVEL;IGC INST.GEOCIENCIAS;IGC SERVICOS GERAIS;54900
2012;GMF7185;9;Diesel;93ZK53C01D8445457;TRANSPORTE DE  PASSAGEIROS;PAS/MICROONIBUS;IGC INST.GEOCIENCIAS;IGC SERVICOS GERAIS;144500
2014;GMF7777;7;Diesel;93PB40N31EC052334;TRANSPORTE DE  PASSAGEIROS;PAS/ONIBUS;IGC INST.GEOCIENCIAS;IGC SERVICOS GERAIS;231000
2014;GMF7778;7;Diesel;93PB40N31EC052335;TRANSPORTE DE  PASSAGEIROS;PAS/ONIBUS;IGC INST.GEOCIENCIAS;IGC SERVICOS GERAIS;231000
2014;GMF7852;7;Diesel;WV1DD42H4EA049502;TRANSPORTE DE  PASSAGEIROS E CARGA;ESP/CAMIONETE/AB.CAB.DUPLA;IGC INST.GEOCIENCIAS;IGC SERVICOS GERAIS;102000
2014;GMF7900;7;Flex;9BWPB45Z6E4164138;TRANSPORTE DE  PASSAGEIROS;PAS/AUTOMOVEL;IGC INST.GEOCIENCIAS;IGC SERVICOS GERAIS;43600
2014;GMF7940;7;Diesel;8AC906657FE104190;TRANSPORTE DE  PASSAGEIROS;PAS/MICROONIBUS;IGC INST.GEOCIENCIAS;IGC SERVICOS GERAIS;165000
2017;GMF8352;4;Diesel;9532K82WXJR810571;TRANSPORTE DE  PASSAGEIROS;PAS/ONIBUS;IGC INST.GEOCIENCIAS;IGC SERVICOS GERAIS;474000
2008;GMF5419;13;Flex;9BWGF07X08P019317;TRANSP PASS , CARGA E MANUTENÇÃO;MIS/CAMION./C.FECHADA;IGC INST.GEOCIENCIAS;IGC CASA GLORIA;41400
2009;HMB8801;12;;9BD15804AA6358121;TRANSPORTE DE  PASSAGEIROS;PAS/AUTOMOVEL;IGC INST.GEOCIENCIAS;IGC CASA GLORIA;25900
2005;GMF4564;16;Gasolina;9BD11985451024399;TRANSPORTE DE  PASSAGEIROS;PAS/AUTOMOVEL;IGC INST.GEOCIENCIAS;IGC CENTRO PESQ.PLANEJ.TURISTICO;48000
2008;GMF5426;13;Flex;9BD17140A85178059;TRANSPORTE DE  PASSAGEIROS;PAS/AUTOMOVEL;CP ESC. FUND. CENTRO PEDAGÓGICO;CP SERVIÇOS GERAIS;29175
2010;GMF6543;11;Flex;9BWMF07X5BP018089;TRANSP PASS , CARGA E MANUTENÇÃO;MIS/CAMION./C.FECHADA;CP ESC. FUND. CENTRO PEDAGÓGICO;CP SERVIÇOS GERAIS;44260
2008;HKT2009;13;Diesel;9BM9582078B605611;MUSEU INTINERANTE;CAR/CARRETA;CP ESC. FUND. CENTRO PEDAGÓGICO;CP MUSEU ITINERANTE;258783
2009;NYA5536;12;Outros;9A908RCS291CX2074;TRANSP. EQUIP DE ENSINO MUSEU ITINERANTE;CAR/S.REBOQUE/C.FECHADA;CP ESC. FUND. CENTRO PEDAGÓGICO;CP MUSEU ITINERANTE;180000
2010;GMF6384;11;Diesel;9BYC22Y1SAC005037;TRANSPORTE DE  PASSAGEIROS;PAS/ONIBUS;COLTEC;COLTEC-SECAO LOGISTICA OPERAC. E PREDIAL;178900
2011;GMF6847;10;Flex;9BWPB05Z0C4051341;TRANSPORTE DE  PASSAGEIROS;PAS/AUTOMOVEL;COLTEC;COLTEC-SECAO LOGISTICA OPERAC. E PREDIAL;46252
2011;GMF6933;10;Diesel;93ZK53B01C8436673;TRANSPORTE DE  PASSAGEIROS;PAS/MICROONIBUS;COLTEC;COLTEC-SECAO LOGISTICA OPERAC. E PREDIAL;144500
2013;GMF7682;8;Diesel;WV1DD42H8EA013375;TRANSPORTE DE  PASSAGEIROS E CARGA;ESP/CAMIONETE/AB.CAB.DUPLA;COLTEC;COLTEC-SECAO LOGISTICA OPERAC. E PREDIAL;102000
1985;GMF2794;36;Diesel;3,08E+13;TRANSPORTE DE CARGA;CAR/CAMINHAO/C.ABERTA;ICA INSTITUTO DE CIENC. AGRARIAS;ICA SERVIÇOS GERAIS;*3.701.8287
2000;GMF3249;21;Gasolina;9BWGB07X51P008332;TRANSP PASS , CARGA E MANUTENÇÃO;MIS/CAMION./C.FECHADA;ICA INSTITUTO DE CIENC. AGRARIAS;ICA SERVIÇOS GERAIS;19880
2003;GMF4373;18;Diesel;9BWRF82W14R408486;TRANSPORTE DE  PASSAGEIROS;PAS/ONIBUS;ICA INSTITUTO DE CIENC. AGRARIAS;ICA SERVIÇOS GERAIS;171000
2008;GMF5703;13;Flex;9BWMF07X99P017067;TRANSP PASS , CARGA E MANUTENÇÃO;MIS/CAMION./C.FECHADA;ICA INSTITUTO DE CIENC. AGRARIAS;ICA SERVIÇOS GERAIS;41400
2010;GMF6462;11;Diesel;93PB12E3PBC035039;TRANSPORTE DE  PASSAGEIROS;PAS/MICROONIBUS;ICA INSTITUTO DE CIENC. AGRARIAS;ICA SERVIÇOS GERAIS;139600
2010;GMF6524;11;Diesel;93W244M24B2067595;TRANSPORTE DE  PASSAGEIROS;PAS/MICROONIBUS;ICA INSTITUTO DE CIENC. AGRARIAS;ICA SERVIÇOS GERAIS;92000
2010;GMF6535;11;Flex;9BD15822AB6547454;TRANSPORTE DE  PASSAGEIROS;PAS/AUTOMOVEL;ICA INSTITUTO DE CIENC. AGRARIAS;ICA SERVIÇOS GERAIS;26730
2011;GMF6599;10;Outros;9A9AP1FAZBFDC8794;TRANSPORTE DE CARGA;CAR/REBOQUE/C.ABERTA;ICA INSTITUTO DE CIENC. AGRARIAS;ICA SERVIÇOS GERAIS;4185
2014;GMF7843;7;Diesel;9BYC69A1AEC000096;TRANSPORTE DE  PASSAGEIROS;PAS/ONIBUS;ICA INSTITUTO DE CIENC. AGRARIAS;ICA SERVIÇOS GERAIS;356300
1985;GVJ9346;36;Diesel;9BSKC4X2Z03453855;TRANSPORTE DE  PASSAGEIROS;PAS/ONIBUS;ICA INSTITUTO DE CIENC. AGRARIAS;ICA SERVIÇOS GERAIS;60000
2009;HLP4328;12;Diesel;94DVCGD409J276875;TRANSPORTE DE  PASSAGEIROS E CARGA;MIS/CAMION./CAB. DUPLA;ICA INSTITUTO DE CIENC. AGRARIAS;ICA SERVIÇOS GERAIS;101990
2005;GMF4738;16;Flex;9BD17309C64165670;TRANSPORTE DE  PASSAGEIROS;PAS/AUTOMOVEL;ICA INSTITUTO DE CIENC. AGRARIAS;ICA TRANSPORTES;47332
2012;GMF7179;9;Diesel;WV1DB42H7DA006549;TRANSPORTE DE  PASSAGEIROS E CARGA;ESP/CAMIONETE/AB.CAB.DUPLA;ICA INSTITUTO DE CIENC. AGRARIAS;ICA TRANSPORTES;103486
2013;GMF7280;8;Diesel;9BYC79A2ADC000147;TRANSPORTE DE CARGA;CAR/CAMINHAO/C.ABERTA;ICA INSTITUTO DE CIENC. AGRARIAS;ICA TRANSPORTES;147800
2014;PAC6254;7;Flex;9BD195152F0652925;TRANSPORTE DE  PASSAGEIROS;PAS/AUTOMOVEL;ICA INSTITUTO DE CIENC. AGRARIAS;ICA TRANSPORTES;31992
2014;PAC6260;7;Flex;9BD578354F7920121;TRANSPORTE DE PASSAGEIROS E CARGA;ESP/CAMIONETE/AB.CAB.DUPLA;ICA INSTITUTO DE CIENC. AGRARIAS;ICA TRANSPORTES;49634
2011;GMF6754;10;Diesel;93ZK42A01B8425889;ATENDIMENTO EM SAÚDE/ TRANSPORTE DE PACIENTE;CAR/CAMION./FURGAO;HOSPITAL DAS CLINICAS;HC SERVICOS GERAIS;129000
2014;GMF7844;7;Diesel;8AC906633EE089014;ATENDIMENTO EM SAÚDE/ TRANSPORTE DE PACIENTE;ESP/CAMION/AMBULANCIA;HOSPITAL DAS CLINICAS;HC SERVICOS GERAIS;225000
2010;GMF6458;11;Gasolina;3N1AB6AD8BL600793;TRANSPORTE DE  PASSAGEIROS;PAS/AUTOMOVEL;REI-GABINETE REITOR ADM;REI-SECRETARIA ADMINISTRATIVA;47450
2010;GMF6459;11;Gasolina;3N1AB6AD1BL600523;TRANSPORTE DE  PASSAGEIROS;PAS/AUTOMOVEL;REI-GABINETE REITOR ADM;REI-SECRETARIA ADMINISTRATIVA;47450
2018;QOM8490;3;Gasolina;9BD11960DJ1145868;TRANSPORTE DE  PASSAGEIROS;MIS/CAMION./C.FECHADA;REI-GABINETE REITOR ADM;REI-NUCLEO DE ACESSIBILIDADE E INCLUSAO;0
2007;GMF5168;14;Flex;9BD15822774948450;TRANSPORTE DE  PASSAGEIROS;PAS/AUTOMOVEL;DDCS-DIR. DIV. COMUN. SOCIAL;DDCS-CEDECOM-SECRETARIA. ADM;23900
2012;GMF7226;9;Flex;8AWPB45Z8DA517255;TRANSPORTE DE  PASSAGEIROS;PAS/AUTOMOVEL;DDCS-DIR. DIV. COMUN. SOCIAL;DDCS CEDECOM TV UFMG;55879
2007;GMF5181;14;Flex;9BWDB05W17T137620;TRANSPORTE DE  PASSAGEIROS;PAS/AUTOMOVEL;DAC;DAC-SEC. ADM;37552
2006;GMF4884;15;Gasolina;9BGTU69WO7B115669;TRANSPORTE DE  PASSAGEIROS;PAS/AUTOMOVEL;PRO REITORIA DE ADM.;PRA-SEC. ADM;55500
2006;GMF4885;15;Gasolina;9BGTU69W07B111372;TRANSPORTE DE  PASSAGEIROS;PAS/AUTOMOVEL;PRO REITORIA DE ADM.;PRA-SEC. ADM;55500
2007;GMF5167;14;Flex;9BD15822774947763;TRANSPORTE DE  PASSAGEIROS;PAS/AUTOMOVEL;PRO REITORIA DE ADM.;PRA-SEC. ADM;23900
2009;GMF5759;12;Gasolina;9BFZF55P998375107;TRANSPORTE DE  PASSAGEIROS;PAS/AUTOMOVEL;PRO REITORIA DE ADM.;PRA-SEC. ADM;31621
2013;GMF7241;8;;9BWPB45ZXD4165548;TRANSPORTE DE  PASSAGEIROS;PAS/AUTOMOVEL;PRO REITORIA DE ADM.;PRA-SEC. ADM;46988
2008;HIO8259;13;Gasolina;9BD15822786119895;TRANSPORTE DE  PASSAGEIROS;PAS/AUTOMOVEL;PRO REITORIA DE ADM.;PRA-SEC. ADM;27750
2013;GMF7227;8;Flex;9BWPB45Z4D4159339;TRANSPORTE DE  PASSAGEIROS;PAS/AUTOMOVEL;PRO REITORIA DE ADM.;PRA-DLO-SEC. ADM;46988
2004;GMF4372;17;Gasolina;9BWDC05X24T082726;VIGILANCIA UNIVERSITÁRIA;PAS/AUTOMOVEL;PRO REITORIA DE ADM.;PRA-DLO-DSU;33976
2008;GMF5705;13;Flex;9BWGB05W29T088766;VIGILANCIA UNIVERSITÁRIA;PAS/AUTOMOVEL;PRO REITORIA DE ADM.;PRA-DLO-DSU;35350
2012;GMF6891;9;Flex;9BWLB05U0CP177944;VIGILANCIA UNIVERSITÁRIA;CAR/CAMION./C.ABERTA;PRO REITORIA DE ADM.;PRA-DLO-DSU;36771
2012;GMF7177;9;Diesel;WV1DB42H8DA005006;VIGILANCIA UNIVERSITÁRIA;ESP/CAMIONETE/AB.CAB.DUPLA;PRO REITORIA DE ADM.;PRA-DLO-DSU;103486
2005;HDJ1158;16;Gasolina;9BD17306C64158757;VIGILANCIA UNIVERSITÁRIA;PAS/AUTOMOVEL;PRO REITORIA DE ADM.;PRA-DLO-DSU;45452
2009;HKT4123;12;Outros;9BD17309TA4271287;TRANSPORTE DE  PASSAGEIROS MANUT. CFTV;PAS/AUTOMOVEL;PRO REITORIA DE ADM.;PRA-DLO-DSU;59000
2010;HMR4787;11;Gasolina;9BD27803MA7232425;VIGILANCIA UNIVERSITÁRIA;PAS/AUTOMOVEL;PRO REITORIA DE ADM.;PRA-DLO-DSU;31818
2000;GMF3253;21;Diesel;8AC6903411A545194;TRANSPORTE DE  PASSAGEIROS;PAS/MICROONIBUS;PRO REITORIA DE ADM.;PRA-DLO-DITRA;57970
2000;GMF3262;21;Gasolina;9BGSC68N01C166607;TRANSPORTE DE  PASSAGEIROS;PAS/AUTOMOVEL;PRO REITORIA DE ADM.;PRA-DLO-DITRA;19563
2000;GMF3302;21;Diesel;9BWY2TJBX1RY14514;TRANSPORTE DE  PASSAGEIROS;PAS/ONIBUS;PRO REITORIA DE ADM.;PRA-DLO-DITRA;109227
2003;GMF4336;18;Diesel;93ZC5980138310840;TRANSPORTE DE CARGA;CAR/CAMINHAO/C.ABERTA;PRO REITORIA DE ADM.;PRA-DLO-DITRA;54740
2006;GMF5090;15;Flex;9BWGF07X67P006974;TRANSP PASS , CARGA E MANUTENÇÃO;MIS/CAMION./C.FECHADA;PRO REITORIA DE ADM.;PRA-DLO-DITRA;37975
2006;GMF5101;15;Diesel;9BYC32Y1U7C000560;TRANSPORTE DE  PASSAGEIROS;PAS/ONIBUS;PRO REITORIA DE ADM.;PRA-DLO-DITRA;144300
2007;GMF5173;14;;9BD15822774948429;TRANSPORTE DE  PASSAGEIROS;PAS/AUTOMOVEL;PRO REITORIA DE ADM.;PRA-DLO-DITRA;23900
2008;GMF5424;13;Flex;9BD17140A85178018;TRANSPORTE DE  PASSAGEIROS;PAS/AUTOMOVEL;PRO REITORIA DE ADM.;PRA-DLO-DITRA;29175
2008;GMF5428;13;Outros;9BD17140A85178064;TRANSPORTE DE  PASSAGEIROS;PAS/AUTOMOVEL;PRO REITORIA DE ADM.;PRA-DLO-DITRA;29175
2009;GMF5757;12;Gasolina;9BFZF55P598375105;TRANSPORTE DE  PASSAGEIROS;PAS/AUTOMOVEL;PRO REITORIA DE ADM.;PRA-DLO-DITRA;31621
2010;GMF6355;11;Flex;9BWMF07X6BP003472;TRANSP PASS , CARGA E MANUTENÇÃO;MIS/CAMION./C.FECHADA;PRO REITORIA DE ADM.;PRA-DLO-DITRA;44260
2011;GMF6584;10;Gasolina;9BFZF55P5B8164718;TRANSPORTE DE  PASSAGEIROS;PAS/AUTOMOVEL;PRO REITORIA DE ADM.;PRA-DLO-DITRA;35900
2010;GMF6744;11;Diesel;9BM634011BB750235;TRANSPORTE DE  PASSAGEIROS;PAS/ONIBUS;PRO REITORIA DE ADM.;PRA-DLO-DITRA;478000
2011;GMF6844;10;Flex;9BWMF07X5CP017753;TRANSP PASS , CARGA E MANUTENÇÃO;MIS/CAMION./C.FECHADA;PRO REITORIA DE ADM.;PRA-DLO-DITRA;49000
2011;GMF6934;10;Diesel;93ZK53B01C8436606;TRANSPORTE DE  PASSAGEIROS;PAS/MICROONIBUS;PRO REITORIA DE ADM.;PRA-DLO-DITRA;144500
2012;GMF6947;9;Diesel;93PB40N31CC041322;TRANSPORTE DE  PASSAGEIROS;PAS/ONIBUS;PRO REITORIA DE ADM.;PRA-DLO-DITRA;200000
2012;GMF7098;9;Flex;9BWPB45Z7D4076603;TRANSPORTE DE  PASSAGEIROS;PAS/AUTOMOVEL;PRO REITORIA DE ADM.;PRA-DLO-DITRA;44049
2012;GMF7228;9;Flex;9BWMF07X6DP015298;TRANSP PASS , CARGA E MANUTENÇÃO;MIS/CAMION./C.FECHADA;PRO REITORIA DE ADM.;PRA-DLO-DITRA;46200
2013;GMF7239;8;Flex;9BWPB45Z3D4165410;TRANSPORTE DE  PASSAGEIROS;PAS/AUTOMOVEL;PRO REITORIA DE ADM.;PRA-DLO-DITRA;46988,9
2013;GMF7279;8;Diesel;9BYC79A2ADC000148;TRANSPORTE DE CARGA;CAR/CAMINHAO/C.ABERTA;PRO REITORIA DE ADM.;PRA-DLO-DITRA;147800
2006;HEJ4424;15;Flex;9BWFF07XX6PO16384;TRANSPORTE PASSAGEIROS E CARGA;CAR/CAMION./FURGAO;PRO REITORIA DE ADM.;PRA-DLO-DITRA;40397
2011;HNX0284;10;Diesel;9BFVCE1N5CBB05347;TRANSPORTE DE CARGA;CAR/CAMINHAO/C.FECHADA;PRO REITORIA DE ADM.;PRA-DLO-DITRA;145500
2004;HCG1496;17;Gasolina;9BFNSZPPA5B966045;TRANSPORTE DE CARGA;CAR/CAMION./C.ABERTA;PRO REITORIA DE ADM.;PRA-DLO-DITRA-OFICINA;25200
2011;GMF6845;10;Flex;9BWMF07X8CP017911;TRANSP PASS , CARGA E MANUTENÇÃO;MIS/CAMION./C.FECHADA;PRO REITORIA DE ADM.;PRA-DLO-MALOTE;49000
1996;GMF1564;25;Gasolina;9BWZZZ379TT163437;TRANSPORTE DE  PASSAGEIROS;PAS/AUTOMOVEL;PRO REITORIA DE ADM.;PRA-DLO-DITRA-LEILAO;18290
1997;GMF1641;24;Gasolina;9BWZZZ377VP501275;TRANSPORTE DE  PASSAGEIROS;PAS/AUTOMOVEL;PRO REITORIA DE ADM.;PRA-DLO-DITRA-LEILAO;13729
1997;GMF1750;24;Diesel;8AC690341VA501494;TRANSPORTE DE  PASSAGEIROS;PAS/MICROONIBUS;PRO REITORIA DE ADM.;PRA-DLO-DITRA-LEILAO;36162
1986;GMF2408;35;Diesel;9BM308325GB711137;TRANSPORTE DE CARGA;CAR/CAMINHAO/C.ABERTA;PRO REITORIA DE ADM.;PRA-DLO-DITRA-LEILAO;178907
1987;GMF2445;34;Diesel;9BM345050HB757595;TRANSPORTE DE  PASSAGEIROS;PAS/ONIBUS;PRO REITORIA DE ADM.;PRA-DLO-DITRA-LEILAO;*1.324.318
1986;GMF2581;35;Alcool;9BWZZZ26ZGP014208;TRANSPORTE PASSAGEIROS E CARGA;CAR/CAMION./C.ABERTA;PRO REITORIA DE ADM.;PRA-DLO-DITRA-LEILAO;*64.808
1987;GMF2673;34;Diesel;9BM308304HB752254;TRANSPORTE DE  PASSAGEIROS;CAR/ONIBUS BIBLIOTECA;PRO REITORIA DE ADM.;PRA-DLO-DITRA-LEILAO;604608
1999;GMF3059;22;Gasolina;9BD278072Y2718588;TRANSPORTE DE PASSAGEIROS E CARGA;CAR/CAMION./C.ABERTA;PRO REITORIA DE ADM.;PRA-DLO-DITRA-LEILAO;15135
2001;GMF3252;20;Gasolina;9BWGB07X11P008263;TRANSP PASS , CARGA E MANUTENÇÃO;MIS/CAMION./C.FECHADA;PRO REITORIA DE ADM.;PRA-DLO-DITRA-LEILAO;19880
2000;GMF3257;21;Gasolina;9BG124ASOYC439993;TRANSPORTE DE PASSAGEIROS E CARGA;CAR/CAMION./C.ABERTA;PRO REITORIA DE ADM.;PRA-DLO-DITRA-LEILAO;24699
2000;GMF3260;21;Gasolina;9BGSC68N01C166156;TRANSPORTE DE  PASSAGEIROS;PAS/AUTOMOVEL;PRO REITORIA DE ADM.;PRA-DLO-DITRA-LEILAO;19563
2000;GMF3273;21;Gasolina;9BG124ASOYC440510;TRANSPORTE DE PASSAGEIROS E CARGA;CAR/CAMION./C.ABERTA;PRO REITORIA DE ADM.;PRA-DLO-DITRA-LEILAO;24699
2000;GMF3276;21;Gasolina;9BGSC68N01C166619;TRANSPORTE DE  PASSAGEIROS;PAS/AUTOMOVEL;PRO REITORIA DE ADM.;PRA-DLO-DITRA-LEILAO;19563
2000;GMF3299;21;Diesel;9BWV2RF66YRY14392;TRANSPORTE DE  PASSAGEIROS;PAS/ONIBUS;PRO REITORIA DE ADM.;PRA-DLO-DITRA-LEILAO;73756
2001;GMF3314;20;Gasolina;9BWGB07X11P008215;TRANSP PASS , CARGA E MANUTENÇÃO;MIS/CAMION./C.FECHADA;PRO REITORIA DE ADM.;PRA-DLO-DITRA-LEILAO;19880
2001;GMF3526;20;Diesel;8AJ33LNL529400599;TRANSP PASS , CARGA E MANUTENÇÃO;MIS/CAMINHONETE/CABINE DUPLA;PRO REITORIA DE ADM.;PRA-DLO-DITRA-LEILAO;55176
2002;GMF4073;19;Gasolina;9BGTT69B02B208307;TRANSPORTE DE  PASSAGEIROS;PAS/AUTOMOVEL;PRO REITORIA DE ADM.;PRA-DLO-DITRA-LEILAO;14990
2003;GMF4334;18;Gasolina;9BGSB19N04B106586;TRANSPORTE DE  PASSAGEIROS;PAS/AUTOMOVEL;PRO REITORIA DE ADM.;PRA-DLO-DITRA-LEILAO;18775
2006;GMF5093;15;Gasolina;9BWGF07X37P007046;TRANSP PASS , CARGA E MANUTENÇÃO;MIS/CAMION./C.FECHADA;PRO REITORIA DE ADM.;PRA-DLO-DITRA-LEILAO;37975
2007;GMF5170;14;;9BD15822774948458;TRANSPORTE DE  PASSAGEIROS;PAS/AUTOMOVEL;PRO REITORIA DE ADM.;PRA-DLO-DITRA-LEILAO;23900
2007;GMF5223;14;Gasolina;9BWDB05W88T011899;TRANSPORTE DE  PASSAGEIROS;PAS/AUTOMOVEL;PRO REITORIA DE ADM.;PRA-DLO-DITRA-LEILAO;37552
2012;GMF7096;9;Gasolina;9BWPB45Z7D4076441;TRANSPORTE DE  PASSAGEIROS;PAS/AUTOMOVEL;PRO REITORIA DE ADM.;PRA-DLO-DITRA-LEILAO;44049
1998;GSO8541;23;Gasolina;9BWZZZ237WP005728;TRANSP PASS , CARGA E MANUTENÇÃO;MIS/CAMION./C.FECHADA;PRO REITORIA DE ADM.;PRA-DLO-DITRA-LEILAO;17830
2004;HCG3114;17;Diesel;93W231M2141019097;TRANSPORTE DE  PASSAGEIROS;PAS/MICROONIBUS;PRO REITORIA DE ADM.;PRA-DLO-DITRA-LEILAO;55141
2004;HDM5836;17;Gasolina;9BD15822544590127;TRANSPORTE DE  PASSAGEIROS;PAS/AUTOMOVEL;PRO REITORIA DE ADM.;PRA-DLO-DITRA-LEILAO;18693
2006;HEA2488;15;;9BWDB05W06T152012;TRANSPORTE DE  PASSAGEIROS;PAS/AUTOMOVEL;PRO REITORIA DE ADM.;PRA-DLO-DITRA-LEILAO;37651
2007;HGO3595;14;Flex;9BWDB05W78T039189;TRANSPORTE DE  PASSAGEIROS;PAS/AUTOMOVEL;PRO REITORIA DE ADM.;PRA-DLO-DITRA-LEILAO;44000
2006;JKH9303;15;Diesel;93XJNK3407C646223;TRANSPORTE PASSAGEIROS E CARGA;MIS/CAMINHONETE/CABINE DUPLA;PRO REITORIA DE ADM.;PRA-DLO-DITRA-LEILAO;68580
1995;GMF1396;26;Diesel;9BWXTACM3SDB90133;TRANSPORTE DE AGUA;CAR/CAMINHAO TANQUE ;PRO REITORIA DE ADM.;PRA-DGA-AREAS VERDES;79785
1985;GMF2862;36;Diesel;3,44E+13;TRANSPORTE DE CARGA;CAR/CAMINHAO/C.ABERTA;PRO REITORIA DE ADM.;PRA-DGA-AREAS VERDES;*119.980.655
2000;GMF3254;21;Gasolina;9BG124AS0YC440416;TRANSPORTE DE PASSAGEIROS E CARGA;CAR/CAMION./C.ABERTA;PRO REITORIA DE ADM.;PRA-DGA-AREAS VERDES;24699
2008;GMF5417;13;Flex;9BWGFO7X18P018578;TRANSP PASS , CARGA E MANUTENÇÃO;MIS/CAMION./C.FECHADA;PRO REITORIA DE ADM.;PRA-DGA-AREAS VERDES;41400
2012;GMF6987;9;Flex;9BWLB05U4DP047960;TRANSPORTE PASSAGEIROS E CARGA;CAR/CAMION./C.ABERTA;PRO REITORIA DE ADM.;PRA-DGA-AREAS VERDES;36771
2017;GMF8291;4;Gasolina;9A9T12LCTHCU1004;TRANSPORTE DE CARGA;CAR/REBOQUE/C.ABERTA;PRO REITORIA DE ADM.;PRA-DGA-AREAS VERDES;23313
2004;HCG9025;17;Outros;9EZMG10PC40011548;TRANSPORTE DE CARGA;CAR/REBOQUE/C.ABERTA;PRO REITORIA DE ADM.;PRA-DGA-AREAS VERDES;2229
2005;HDK9167;16;Gasolina;9BWGB07X56P003008;TRANSP PASS , CARGA E MANUTENÇÃO;MIS/CAMION./C.FECHADA;PRO REITORIA DE ADM.;PRA-DGA-AREAS VERDES;37540
2020;RFA7D18;1;Diesel;9535h5TB0MR104638;TRANSPORTE DE CARGA;CAMINHAO;PRO REITORIA DE ADM.;PRA-DGA-AREAS VERDES;0
2002;GUF4074;19;Gasolina;9BD15822524364963;TRANSPORTE DE  PASSAGEIROS;PAS/AUTOMOVEL;PRO REITORIA DE ADM.;PRA-DGA SEC ADM;14950
2009;GMF5930;12;Gasolina;93YLSR7GH9J235879;TRANSPORTE DE  PASSAGEIROS;PAS/AUTOMOVEL;PRORH ;PRORH-DAST-SEC. ADM;31262
2014;GMF7913;7;Diesel;8AC906633EE093323;ATENDIMENTO EM SAÚDE/ TRANSPORTE DE PACIENTE;ESP/CAMION/AMBULANCIA;PRORH ;PRORH-DAST-SEC. ADM;225000
2011;GMF6583;10;Gasolina;9BFZF55P7B8164638;TRANSPORTE DE  PASSAGEIROS;PAS/AUTOMOVEL;PROEX;PROEX-SEC. ADM;35900
2006;HEJ9621;15;Flex;93YJA15256J755234;TRANSPORTE DE  PASSAGEIROS;PAS/AUTOMOVEL;PROGRAD;PROGRAD-COPEVE-SEC. ADM;51111
2010;GMF6494;11;Diesel;8AFER13P4BJ348528;TRANSPORTE DE  PASSAGEIROS E CARGA;CAR/CAMION./C.ABERTA;PROGRAD;PROGRAD CAED ENSINO A DISTANCIA;84900
2008;GMF5421;13;Flex;9BWGF07X58P019295;TRANSP PASS , CARGA E MANUTENÇÃO;MIS/CAMION./C.FECHADA;BIBLIOT. UNIVERST;BIBLIOT.UNIVERSIT. SGER;41400
2014;GMF7826;7;Gasolina;9BWPB45ZXE4134754;TRANSPORTE DE  PASSAGEIROS;PAS/AUTOMOVEL;BIBLIOT. UNIVERST;BIBLIOT.UNIVERSIT. SGER;43600
2003;GMF4307;18;Gasolina;9BD17309934090063;TRANSPORTE DE  PASSAGEIROS;PAS/AUTOMOVEL;CEU;CEU-SGER;34279
2012;GMF7176;9;Diesel;WV1DB42HXDA006321;TRANSPORTE DE  PASSAGEIROS E CARGA;ESP/CAMIONETE/AB.CAB.DUPLA;EDITORA;EDITORA-SEC. ADM;103486
2008;GMF5422;13;Diesel;9BYC2762R8C001675;TRANSPORTE DE CARGA;CAR/CAMINHAO/C.ABERTA;MUSEU;MUSEU-SEC. ADM;106000
2006;GMF5094;15;Flex;9BWGF07X37P007032;TRANSP PASS , CARGA E MANUTENÇÃO;MIS/CAMION./C.FECHADA;MUSEU;MUSEU-SERVIÇOS GERAIS;37975
2007;GMF5172;14;Gasolina;9BD15822774948560;TRANSPORTE DE  PASSAGEIROS;PAS/AUTOMOVEL;MUSEU;MUSEU-SERVIÇOS GERAIS;23900
2012;GMF7180;9;Diesel;WV1DB42H9DA006701;TRANSPORTE DE  PASSAGEIROS E CARGA;ESP/CAMIONETE/AB.CAB.DUPLA;MUSEU;MUSEU-SERVIÇOS GERAIS;103486
2000;GMF3303;21;Diesel;9BWV2RF67YRY13848;TRANSPORTE DE  PASSAGEIROS;PAS/ONIBUS;DEMAI;DEMAI SERVICOS GERAIS;73756
2007;GMF5164;14;Flex;9BD15822774947782;TRANSPORTE DE  PASSAGEIROS;PAS/AUTOMOVEL;DEMAI;DEMAI SERVICOS GERAIS;23900
2012;GMF7097;9;Flex;9BWMF07X0DP008914;TRANSP PASS , CARGA E MANUTENÇÃO;MIS/CAMION./C.FECHADA;DEMAI;DEMAI SERVICOS GERAIS;47483
2012;GMF7178;9;Diesel;WV1DB42H2DA006734;TRANSPORTE DE  PASSAGEIROS E CARGA;ESP/CAMIONETE/AB.CAB.DUPLA;DEMAI;DEMAI SERVICOS GERAIS;103486
2012;GMF7230;9;Flex;9BWMF07X7DP015360;TRANSP PASS , CARGA E MANUTENÇÃO;MIS/CAMION./C.FECHADA;DEMAI;DEMAI SERVICOS GERAIS;46200
2012;GMF7231;9;Flex;9BWMF07X8DP015299;TRANSP PASS , CARGA E MANUTENÇÃO;MIS/CAMION./C.FECHADA;DEMAI;DEMAI SERVICOS GERAIS;46200
2010;HMR4789;11;Flex;9BD27803MA7234148;TRANSPORTE DE PASSAGEIROS E CARGA;PAS/AUTOMOVEL;DEMAI;DEMAI SERVICOS GERAIS;31818
2011;NYB3752;10;Diesel;9BFYEAXV8CBS98646;TRANSPORTE DE AGUA;CAR/CAMINHAO TANQUE ;DEMAI;DEMAI SERVICOS GERAIS;217900
2012;OPF1840;9;Diesel;93ZA90D00D8560030;TRANSPORTE DE CARGA;CAR/CAMINHAO/C.ABERTA;DEMAI;DEMAI SERVICOS GERAIS;145280
2000;GMF3245;21;Gasolina;9BG124ASOYC440357;TRANSPORTE DE PASSAGEIROS E CARGA;CAR/CAMION./C.ABERTA;DEMAI;DEMAI CAMPUS SAUDE;24699
2008;GMF5420;13;Flex;9BWGFO7X38PO19358;TRANSP PASS , CARGA E MANUTENÇÃO;MIS/CAMION./C.FECHADA;DEMAI;DEMAI CAMPUS SAUDE;41400
1998;GXJ1013;23;Gasolina;9BWZZZ237WP015487;TRANSP PASS , CARGA E MANUTENÇÃO;MIS/CAMION./C.FECHADA;DEMAI;DEMAI CAMPUS SAUDE;17799
2011;GMF6598;10;Outros;9A9AG2CACBFDC8050;TRANSPORTE DE CARGA;CAR/REBOQUE/C.ABERTA;DEMAI;DEMAI-CIVIL;6099
2010;HLF3224;11;Flex;9BWMF07X6BP003388;TRANSP PASS , CARGA E MANUTENÇÃO;MIS/CAMION./C.FECHADA;DEMAI;DEMAI-CIVIL;44260
2011;GXM9295;10;Flex;9BWKB05U0CP046184;TRANSPORTE PASSAGEIROS E CARGA;CAR/CAMION./C.ABERTA;DEMAI;DEMAI DIV. OBRAS ;34616
2000;GMF3256;21;Diesel;9BM688156YB252803;TRANSPORTE DE CARGA;CAR/CAMINHAO/C.ABERTA;DEMAI;DEMAI MANUTENCAO;41922
2003;GMF4316;18;Outros;9A9CG05113BDJ4063;TRANSPORTE DE CARGA;CAR/REBOQUE/C.ABERTA;DEMAI;DEMAI MANUTENCAO;1150
2008;HIO8310;13;Flex;9BD15822786119795;TRANSPORTE DE  PASSAGEIROS;PAS/AUTOMOVEL;DEMAI;DEMAI CAMPUS 2000;26055
2008;HIO8319;13;Flex;9BD27801D87070549;TRANSPORTE DE PASSAGEIROS E CARGA;PAS/AUTOMOVEL;DEMAI;DEMAI CAMPUS 2000;31818
2009;HMJ1867;12;Flex;9BD15822AA6396482;TRANSPORTE DE  PASSAGEIROS;PAS/AUTOMOVEL;DEMAI;DEMAI CAMPUS 2000;26176
2008;GMF5416;13;Outros;9BWGF07X18P018452;TRANSP PASS , CARGA E MANUTENÇÃO;MIS/CAMION./C.FECHADA;DEMAI;DEMAI DIV. MAQ. EQUIP. ESPECIAIS;41400
2011;GMF6842;10;Flex;9BWMF07X3CP017766;TRANSP PASS , CARGA E MANUTENÇÃO;MIS/CAMION./C.FECHADA;DEMAI;DEMAI DIV. MAQ. EQUIP. ESPECIAIS;49000
2011;GXM9257;10;Flex;9BWKB05U2CP049295;TRANSPORTE PASSAGEIROS E CARGA;CAR/CAMION./C.ABERTA;DEMAI;DEMAI DIV. MAQ. EQUIP. ESPECIAIS;34616
2010;HMR4791;11;Flex;9BD27803MA7234146;TRANSPORTE DE PASSAGEIROS E CARGA;PAS/AUTOMOVEL;DEMAI;DEMAI DIV. MAQ. EQUIP. ESPECIAIS;31818
2010;GMF6544;11;Flex;9BWMF07X0BP017612;TRANSP PASS , CARGA E MANUTENÇÃO;MIS/CAMION./C.FECHADA;DEMAI;DEMAI HIDRAULICA ;44260
